station,Datatime,lon,lat,airpressure,DryBulbSensor,HOBO_rh,HOBO_solar,HOBO_ws,Wet bulb_calculation,Globe bulb_calculation,WBGT_calculation,iso7243_Tg150,wet_bulb,globe_bulb_50mm,globe_bulb_150mm,WBGTo
SINICA,2019/10/21 08:00,121.61416670000001,25.0405,1013.25,21.891,82.89,50.8,0.0,20.22,21.91,20.7,21.91,20.22,21.91,21.91,20.73
SINICA,2019/10/21 08:10,121.61416670000001,25.0405,1013.25,21.948,82.55,49.8,0.0,20.22,21.9,20.7,21.9,20.22,21.9,21.9,20.73
SINICA,2019/10/21 08:20,121.61416670000001,25.0405,1013.25,22.094,81.89,67.7,0.0,20.53,22.76,21.1,22.76,20.53,22.76,22.76,21.13
SINICA,2019/10/21 08:30,121.61416670000001,25.0405,1013.25,22.398000000000003,81.1,73.4,0.0,20.81,23.29,21.5,23.29,20.81,23.29,23.29,21.46
SINICA,2019/10/21 08:40,121.61416670000001,25.0405,1013.25,22.397,80.7,88.0,0.0,20.96,23.83,21.7,23.83,20.96,23.83,23.83,21.68
SINICA,2019/10/21 08:50,121.61416670000001,25.0405,1013.25,22.73,79.49,111.2,0.0,21.44,25.04,22.3,25.04,21.44,25.04,25.04,22.29
SINICA,2019/10/21 09:00,121.61416670000001,25.0405,1013.25,23.165,78.06,162.5,0.0,22.32,27.39,23.4,27.39,22.32,27.39,27.39,23.42
SINICA,2019/10/21 09:10,121.61416670000001,25.0405,1013.25,24.241999999999997,75.09,349.8,0.15,24.4,34.35,26.4,36.75,24.4,34.35,36.75,26.85
SINICA,2019/10/21 09:20,121.61416670000001,25.0405,1013.25,25.388,70.17,492.1,0.15,26.06,40.03,28.8,43.5,26.06,40.03,43.5,29.48
SINICA,2019/10/21 09:30,121.61416670000001,25.0405,1013.25,26.244,66.12,588.5,0.4,24.87,40.07,28.0,44.45,24.87,40.07,44.45,28.92
SINICA,2019/10/21 09:40,121.61416670000001,25.0405,1013.25,24.896,67.48,305.6,0.45,22.21,31.27,24.3,33.35,22.21,31.27,33.35,24.71
SINICA,2019/10/21 09:50,121.61416670000001,25.0405,1013.25,25.345,68.09,407.0,0.3,23.78,35.34,26.2,38.27,23.78,35.34,38.27,26.83
SINICA,2019/10/21 10:00,121.61416670000001,25.0405,1013.25,25.037,67.29,274.7,0.35,22.35,31.06,24.4,32.9,22.35,31.06,32.9,24.73
SINICA,2019/10/21 10:10,121.61416670000001,25.0405,1013.25,24.252,69.28,342.4,1.05,21.36,29.82,23.3,31.98,21.36,29.82,31.98,23.77
SINICA,2019/10/21 10:20,121.61416670000001,25.0405,1013.25,24.656999999999996,68.5,292.5,0.5,21.95,30.52,23.9,32.48,21.95,30.52,32.48,24.33
SINICA,2019/10/21 10:30,121.61416670000001,25.0405,1013.25,24.849,67.99,286.4,0.2,22.99,32.19,25.0,34.1,22.99,32.19,34.1,25.4
SINICA,2019/10/21 10:40,121.61416670000001,25.0405,1013.25,24.638,67.85,322.5,0.75,21.65,30.43,23.7,32.54,21.65,30.43,32.54,24.13
SINICA,2019/10/21 10:50,121.61416670000001,25.0405,1013.25,25.116,66.83,345.1,0.3,22.95,33.36,25.2,35.78,22.95,33.36,35.78,25.73
SINICA,2019/10/21 11:00,121.61416670000001,25.0405,1013.25,24.901,66.88,331.9,0.5,22.13,31.69,24.3,33.96,22.13,31.69,33.96,24.77
SINICA,2019/10/21 11:10,121.61416670000001,25.0405,1013.25,25.101999999999997,66.99,332.1,0.35,22.68,32.66,24.9,34.97,22.68,32.66,34.97,25.38
SINICA,2019/10/21 11:20,121.61416670000001,25.0405,1013.25,25.206999999999997,66.85,378.7,0.7,22.28,32.36,24.6,34.93,22.28,32.36,34.93,25.1
SINICA,2019/10/21 11:30,121.61416670000001,25.0405,1013.25,24.993000000000002,66.42,277.2,0.6,21.72,30.16,23.7,31.96,21.72,30.16,31.96,24.1
SINICA,2019/10/21 11:40,121.61416670000001,25.0405,1013.25,24.493000000000002,67.28,243.9,0.85,21.04,28.42,22.9,29.89,21.04,28.42,29.89,23.16
SINICA,2019/10/21 11:50,121.61416670000001,25.0405,1013.25,24.406999999999996,67.25,235.4,1.05,20.82,27.89,22.6,29.24,20.82,27.89,29.24,22.86
SINICA,2019/10/21 12:00,121.61416670000001,25.0405,1013.25,24.73,66.65,294.9,0.55,21.68,30.44,23.7,32.39,21.68,30.44,32.39,24.13
SINICA,2019/10/21 12:10,121.61416670000001,25.0405,1013.25,24.892,65.88,356.1,0.7,21.79,31.52,24.0,33.9,21.79,31.52,33.9,24.52
SINICA,2019/10/21 12:20,121.61416670000001,25.0405,1013.25,24.994,65.74,442.9,0.7,22.22,33.51,24.8,36.57,22.22,33.51,36.57,25.37
SINICA,2019/10/21 12:30,121.61416670000001,25.0405,1013.25,25.025,65.77,404.7,0.65,22.17,32.89,24.6,35.67,22.17,32.89,35.67,25.16
SINICA,2019/10/21 12:40,121.61416670000001,25.0405,1013.25,25.671,64.55,470.8,0.4,23.47,36.46,26.3,39.88,23.47,36.46,39.88,26.97
SINICA,2019/10/21 12:50,121.61416670000001,25.0405,1013.25,25.480999999999998,63.75,457.8,0.85,22.23,33.75,24.9,36.84,22.23,33.75,36.84,25.48
SINICA,2019/10/21 13:00,121.61416670000001,25.0405,1013.25,25.487,63.83,552.9,1.0,22.41,35.16,25.3,38.88,22.41,35.16,38.88,26.01
SINICA,2019/10/21 13:10,121.61416670000001,25.0405,1013.25,26.079,62.98,434.2,0.6,22.9,34.8,25.6,37.84,22.9,34.8,37.84,26.21
SINICA,2019/10/21 13:20,121.61416670000001,25.0405,1013.25,25.229,64.62,357.8,0.7,21.94,31.88,24.3,34.27,21.94,31.88,34.27,24.73
SINICA,2019/10/21 13:30,121.61416670000001,25.0405,1013.25,25.003,65.34,298.7,0.95,21.38,29.86,23.4,31.71,21.38,29.86,31.71,23.81
SINICA,2019/10/21 13:40,121.61416670000001,25.0405,1013.25,24.945,65.28,276.1,0.7,21.44,29.81,23.5,31.56,21.44,29.81,31.56,23.81
SINICA,2019/10/21 13:50,121.61416670000001,25.0405,1013.25,24.401999999999997,65.8,238.0,0.95,20.69,28.03,22.5,29.41,20.69,28.03,29.41,22.81
SINICA,2019/10/21 14:00,121.61416670000001,25.0405,1013.25,24.302,66.19,236.1,1.15,20.56,27.66,22.4,28.98,20.56,27.66,28.98,22.62
SINICA,2019/10/21 14:10,121.61416670000001,25.0405,1013.25,24.506999999999998,65.96,236.4,0.65,21.04,28.59,22.9,30.04,21.04,28.59,30.04,23.19
SINICA,2019/10/21 14:20,121.61416670000001,25.0405,1013.25,24.575,66.29,198.8,0.3,21.48,28.67,23.2,29.87,21.48,28.67,29.87,23.47
SINICA,2019/10/21 14:30,121.61416670000001,25.0405,1013.25,24.158,66.39,179.6,0.65,20.51,26.95,22.2,27.94,20.51,26.95,27.94,22.36
SINICA,2019/10/21 14:40,121.61416670000001,25.0405,1013.25,23.949,67.25,149.4,0.55,20.39,26.18,21.9,26.94,20.39,26.18,26.94,22.06
SINICA,2019/10/21 14:50,121.61416670000001,25.0405,1013.25,23.889,67.37,133.2,0.6,20.23,25.68,21.7,26.3,20.23,25.68,26.3,21.81
SINICA,2019/10/21 15:00,121.61416670000001,25.0405,1013.25,23.755,67.66,107.6,0.4,20.16,25.11,21.5,25.54,20.16,25.11,25.54,21.6
SINICA,2019/10/21 15:10,121.61416670000001,25.0405,1013.25,23.804000000000002,67.34,101.1,0.4,20.11,24.98,21.5,25.35,20.11,24.98,25.35,21.53
SINICA,2019/10/21 15:20,121.61416670000001,25.0405,1013.25,23.655,67.47,100.3,0.4,20.0,24.8,21.3,25.16,20.0,24.8,25.16,21.4
SINICA,2019/10/21 15:30,121.61416670000001,25.0405,1013.25,23.693,67.3,99.8,0.25,20.19,24.98,21.5,25.34,20.19,24.98,25.34,21.57
SINICA,2019/10/21 15:40,121.61416670000001,25.0405,1013.25,23.641,67.53,110.8,0.6,19.92,24.9,21.3,25.34,19.92,24.9,25.34,21.38
SINICA,2019/10/21 15:50,121.61416670000001,25.0405,1013.25,23.674,67.75,93.2,0.3,20.11,24.73,21.4,25.04,20.11,24.73,25.04,21.45
SINICA,2019/10/21 16:00,121.61416670000001,25.0405,1013.25,23.52,67.77,79.4,0.35,19.82,24.14,21.1,24.33,19.82,24.14,24.33,21.09
SINICA,2019/10/21 16:10,121.61416670000001,25.0405,1013.25,23.478,67.85,66.5,0.2,19.85,23.78,21.0,23.86,19.85,23.78,23.86,21.01
SINICA,2019/10/21 16:20,121.61416670000001,25.0405,1013.25,23.344,67.89,56.2,0.4,19.48,23.26,20.6,23.23,19.48,23.26,23.23,20.62
SINICA,2019/10/21 16:30,121.61416670000001,25.0405,1013.25,23.288,68.02,51.9,0.45,19.39,23.1,20.5,23.04,19.39,23.1,23.04,20.51
SINICA,2019/10/21 16:40,121.61416670000001,25.0405,1013.25,23.284000000000002,68.27,56.8,0.15,19.72,23.21,20.8,23.19,19.72,23.21,23.19,20.77
SINICA,2019/10/21 16:50,121.61416670000001,25.0405,1013.25,23.138,68.73,31.0,0.25,19.28,22.29,20.3,22.05,19.28,22.29,22.05,20.22
SINICA,2019/10/21 17:00,121.61416670000001,25.0405,1013.25,22.976,69.09,15.8,0.25,19.04,21.66,20.0,21.29,19.04,21.66,21.29,19.88
SINICA,2019/10/21 17:10,121.61416670000001,25.0405,1013.25,22.851999999999997,69.69,7.9,0.2,18.93,21.2,19.8,20.77,18.93,21.2,20.77,19.69
SINICA,2019/10/21 17:20,121.61416670000001,25.0405,1013.25,22.717,70.65,2.0,0.1,18.84,20.58,19.6,20.14,18.84,20.58,20.14,19.49
SINICA,2019/10/21 17:30,121.61416670000001,25.0405,1013.25,22.33,72.67,1.0,0.15,18.74,20.36,19.4,19.89,18.74,20.36,19.89,19.33
SINICA,2019/10/21 17:40,121.61416670000001,25.0405,1013.25,22.08,74.18,1.0,0.0,18.66,19.94,19.3,19.94,18.66,19.94,19.94,19.26
SINICA,2019/10/21 17:50,121.61416670000001,25.0405,1013.25,21.9,75.11,1.0,0.0,18.59,19.76,19.2,19.76,18.59,19.76,19.76,19.16
SINICA,2019/10/21 18:00,121.61416670000001,25.0405,1013.25,21.406,76.91,1.0,0.0,18.32,19.26,18.8,19.26,18.32,19.26,19.26,18.82
SINICA,2019/10/21 18:10,121.61416670000001,25.0405,1013.25,21.044,79.14,1.0,0.0,18.22,18.92,18.6,18.92,18.22,18.92,18.92,18.64
SINICA,2019/10/21 18:20,121.61416670000001,25.0405,1013.25,20.831,80.95,1.0,0.0,18.23,18.73,18.6,18.73,18.23,18.73,18.73,18.59
SINICA,2019/10/21 18:30,121.61416670000001,25.0405,1013.25,20.485,82.5,1.0,0.0,18.06,18.39,18.4,18.39,18.06,18.39,18.39,18.37
SINICA,2019/10/21 18:40,121.61416670000001,25.0405,1013.25,20.031,84.34,1.0,0.0,17.82,17.93,18.1,17.93,17.82,17.93,17.93,18.06
SINICA,2019/10/21 18:50,121.61416670000001,25.0405,1013.25,19.952,85.64,1.0,0.0,17.88,17.87,18.1,17.87,17.88,17.87,17.87,18.09
SINICA,2019/10/21 19:00,121.61416670000001,25.0405,1013.25,19.942999999999998,86.39,1.0,0.0,17.95,17.88,18.1,17.88,17.95,17.88,17.88,18.14
SINICA,2019/10/21 19:10,121.61416670000001,25.0405,1013.25,19.872,87.04,1.0,0.0,17.94,17.82,18.1,17.82,17.94,17.82,17.82,18.11
SINICA,2019/10/21 19:20,121.61416670000001,25.0405,1013.25,20.076,87.21,1.0,0.0,18.17,18.05,18.3,18.05,18.17,18.05,18.05,18.34
SINICA,2019/10/21 19:30,121.61416670000001,25.0405,1013.25,20.107,86.99,1.0,0.0,18.18,18.08,18.4,18.08,18.18,18.08,18.08,18.35
SINICA,2019/10/21 19:40,121.61416670000001,25.0405,1013.25,20.087,86.9,1.0,0.0,18.15,18.06,18.3,18.06,18.15,18.06,18.06,18.33
SINICA,2019/10/21 19:50,121.61416670000001,25.0405,1013.25,20.063,87.04,1.0,0.0,18.14,18.03,18.3,18.03,18.14,18.03,18.03,18.31
SINICA,2019/10/21 20:00,121.61416670000001,25.0405,1013.25,20.07,87.34,1.0,0.0,18.18,18.05,18.3,18.05,18.18,18.05,18.05,18.34
SINICA,2019/10/21 20:10,121.61416670000001,25.0405,1013.25,20.105,87.47,1.0,0.0,18.23,18.09,18.4,18.09,18.23,18.09,18.09,18.39
SINICA,2019/10/21 20:20,121.61416670000001,25.0405,1013.25,20.129,87.78,1.0,0.0,18.29,18.13,18.4,18.13,18.29,18.13,18.13,18.44
SINICA,2019/10/21 20:30,121.61416670000001,25.0405,1013.25,20.335,87.55,1.0,0.0,18.47,18.35,18.6,18.35,18.47,18.35,18.35,18.63
SINICA,2019/10/21 20:40,121.61416670000001,25.0405,1013.25,20.448,87.2,1.0,0.0,18.55,18.47,18.7,18.47,18.55,18.47,18.47,18.72
SINICA,2019/10/21 20:50,121.61416670000001,25.0405,1013.25,20.343,87.15,1.0,0.0,18.44,18.35,18.6,18.35,18.44,18.35,18.35,18.61
SINICA,2019/10/21 21:00,121.61416670000001,25.0405,1013.25,20.272000000000002,87.57,1.0,0.0,18.41,18.28,18.6,18.28,18.41,18.28,18.28,18.57
SINICA,2019/10/21 21:10,121.61416670000001,25.0405,1013.25,20.382,87.73,1.0,0.0,18.54,18.41,18.7,18.41,18.54,18.41,18.41,18.7
SINICA,2019/10/21 21:20,121.61416670000001,25.0405,1013.25,20.486,87.55,1.0,0.0,18.63,18.52,18.8,18.52,18.63,18.52,18.52,18.79
SINICA,2019/10/21 21:30,121.61416670000001,25.0405,1013.25,20.429000000000002,87.17,1.0,0.0,18.53,18.45,18.7,18.45,18.53,18.45,18.45,18.7
SINICA,2019/10/21 21:40,121.61416670000001,25.0405,1013.25,20.157,87.46,1.0,0.0,18.28,18.15,18.4,18.15,18.28,18.15,18.15,18.44
SINICA,2019/10/21 21:50,121.61416670000001,25.0405,1013.25,19.872,88.23,1.0,0.0,18.08,17.85,18.2,17.85,18.08,17.85,17.85,18.21
SINICA,2019/10/21 22:00,121.61416670000001,25.0405,1013.25,19.759,89.09,1.0,0.0,18.06,17.77,18.2,17.77,18.06,17.77,17.77,18.17
SINICA,2019/10/21 22:10,121.61416670000001,25.0405,1013.25,19.573,89.74,1.0,0.0,17.93,17.57,18.0,17.57,17.93,17.57,17.57,18.02
SINICA,2019/10/21 22:20,121.61416670000001,25.0405,1013.25,19.687,89.87,1.0,0.0,18.06,17.7,18.2,17.7,18.06,17.7,17.7,18.15
SINICA,2019/10/21 22:30,121.61416670000001,25.0405,1013.25,20.23,87.36,1.0,0.45,18.58,18.87,18.8,18.43,18.58,18.87,18.43,18.72
SINICA,2019/10/21 22:40,121.61416670000001,25.0405,1013.25,20.246,85.03,1.0,0.2,18.23,18.5,18.5,18.05,18.23,18.5,18.05,18.4
SINICA,2019/10/21 22:50,121.61416670000001,25.0405,1013.25,20.086,84.83,1.0,0.0,17.92,18.0,18.2,18.0,17.92,18.0,18.0,18.15
SINICA,2019/10/21 23:00,121.61416670000001,25.0405,1013.25,19.817,85.65,1.0,0.0,17.74,17.74,17.9,17.74,17.74,17.74,17.74,17.95
SINICA,2019/10/21 23:10,121.61416670000001,25.0405,1013.25,19.467,86.98,1.0,0.0,17.53,17.39,17.7,17.39,17.53,17.39,17.39,17.7
SINICA,2019/10/21 23:20,121.61416670000001,25.0405,1013.25,19.117,88.97,1.0,0.0,17.39,17.04,17.5,17.04,17.39,17.04,17.04,17.49
SINICA,2019/10/21 23:30,121.61416670000001,25.0405,1013.25,19.262,89.24,1.0,0.0,17.56,17.21,17.7,17.21,17.56,17.21,17.21,17.66
SINICA,2019/10/21 23:40,121.61416670000001,25.0405,1013.25,19.298,88.87,1.0,0.0,17.57,17.24,17.7,17.24,17.57,17.24,17.24,17.68
SINICA,2019/10/21 23:50,121.61416670000001,25.0405,1013.25,19.158,88.7,1.0,0.0,17.41,17.08,17.5,17.08,17.41,17.08,17.08,17.52
SINICA,2019/10/22 00:00,121.61416670000001,25.0405,1013.25,18.938,89.01,1.0,0.0,17.21,16.84,17.3,16.84,17.21,16.84,16.84,17.31
SINICA,2019/10/22 00:10,121.61416670000001,25.0405,1013.25,18.772000000000002,89.7,1.0,0.0,17.11,16.68,17.2,16.68,17.11,16.68,16.68,17.19
SINICA,2019/10/22 00:20,121.61416670000001,25.0405,1013.25,18.705,90.39,1.0,0.0,17.06,16.62,17.1,16.62,17.06,16.62,16.62,17.14
SINICA,2019/10/22 00:30,121.61416670000001,25.0405,1013.25,18.596,90.9,1.0,0.0,17.0,16.51,17.1,16.51,17.0,16.51,16.51,17.06
SINICA,2019/10/22 00:40,121.61416670000001,25.0405,1013.25,18.633,91.18,1.0,0.0,17.06,16.56,17.1,16.56,17.06,16.56,16.56,17.12
SINICA,2019/10/22 00:50,121.61416670000001,25.0405,1013.25,18.523,91.26,1.0,0.0,16.96,16.43,17.0,16.43,16.96,16.43,16.43,17.01
SINICA,2019/10/22 01:00,121.61416670000001,25.0405,1013.25,18.433,91.54,1.0,0.0,16.89,16.34,16.9,16.34,16.89,16.34,16.34,16.93
SINICA,2019/10/22 01:10,121.61416670000001,25.0405,1013.25,18.31,91.77,1.0,0.0,16.8,16.21,16.8,16.21,16.8,16.21,16.21,16.83
SINICA,2019/10/22 01:20,121.61416670000001,25.0405,1013.25,18.245,92.04,1.0,0.0,16.75,16.14,16.8,16.14,16.75,16.14,16.14,16.78
SINICA,2019/10/22 01:30,121.61416670000001,25.0405,1013.25,18.105,92.36,1.0,0.0,16.63,15.99,16.6,15.99,16.63,15.99,15.99,16.65
SINICA,2019/10/22 01:40,121.61416670000001,25.0405,1013.25,18.151,92.71,1.0,0.0,16.73,16.05,16.7,16.05,16.73,16.05,16.05,16.74
SINICA,2019/10/22 01:50,121.61416670000001,25.0405,1013.25,18.226,92.82,1.0,0.0,16.82,16.14,16.8,16.14,16.82,16.14,16.14,16.82
SINICA,2019/10/22 02:00,121.61416670000001,25.0405,1013.25,18.367,92.95,1.0,0.0,16.98,16.3,17.0,16.3,16.98,16.3,16.3,16.98
SINICA,2019/10/22 02:10,121.61416670000001,25.0405,1013.25,18.39,93.0,1.0,0.0,17.01,16.33,17.0,16.33,17.01,16.33,16.33,17.01
SINICA,2019/10/22 02:20,121.61416670000001,25.0405,1013.25,18.314,93.06,1.0,0.0,16.93,16.24,16.9,16.24,16.93,16.24,16.24,16.93
SINICA,2019/10/22 02:30,121.61416670000001,25.0405,1013.25,18.302,93.04,1.0,0.0,16.92,16.23,16.9,16.23,16.92,16.23,16.23,16.92
SINICA,2019/10/22 02:40,121.61416670000001,25.0405,1013.25,18.294,93.05,1.0,0.0,16.91,16.22,16.9,16.22,16.91,16.22,16.22,16.91
SINICA,2019/10/22 02:50,121.61416670000001,25.0405,1013.25,18.3,93.3,1.0,0.0,16.94,16.23,16.9,16.23,16.94,16.23,16.23,16.93
SINICA,2019/10/22 03:00,121.61416670000001,25.0405,1013.25,18.245,93.3,1.0,0.0,16.88,16.17,16.9,16.17,16.88,16.17,16.17,16.87
SINICA,2019/10/22 03:10,121.61416670000001,25.0405,1013.25,18.159000000000002,93.35,1.0,0.0,16.8,16.08,16.8,16.08,16.8,16.08,16.08,16.79
SINICA,2019/10/22 03:20,121.61416670000001,25.0405,1013.25,18.135,93.48,1.0,0.0,16.78,16.05,16.8,16.05,16.78,16.05,16.05,16.77
SINICA,2019/10/22 03:30,121.61416670000001,25.0405,1013.25,18.153,93.63,1.0,0.0,16.82,16.08,16.8,16.08,16.82,16.08,16.08,16.81
SINICA,2019/10/22 03:40,121.61416670000001,25.0405,1013.25,18.204,93.67,1.0,0.0,16.87,16.13,16.9,16.13,16.87,16.13,16.13,16.86
SINICA,2019/10/22 03:50,121.61416670000001,25.0405,1013.25,18.235,93.86,1.0,0.0,16.92,16.17,16.9,16.17,16.92,16.17,16.17,16.9
SINICA,2019/10/22 04:00,121.61416670000001,25.0405,1013.25,18.21,93.89,1.0,0.0,16.9,16.15,16.9,16.15,16.9,16.15,16.15,16.88
SINICA,2019/10/22 04:10,121.61416670000001,25.0405,1013.25,18.122,93.97,1.0,0.0,16.82,16.05,16.8,16.05,16.82,16.05,16.05,16.8
SINICA,2019/10/22 04:20,121.61416670000001,25.0405,1013.25,18.008,94.12,1.0,0.0,16.72,15.93,16.7,15.93,16.72,15.93,15.93,16.69
SINICA,2019/10/22 04:30,121.61416670000001,25.0405,1013.25,17.828,94.3,1.0,0.0,16.55,15.73,16.5,15.73,16.55,15.73,15.73,16.51
SINICA,2019/10/22 04:40,121.61416670000001,25.0405,1013.25,17.729,94.49,1.0,0.0,16.46,15.62,16.4,15.62,16.46,15.62,15.62,16.42
SINICA,2019/10/22 04:50,121.61416670000001,25.0405,1013.25,17.647000000000002,94.7,1.0,0.0,16.4,15.54,16.4,15.54,16.4,15.54,15.54,16.35
SINICA,2019/10/22 05:00,121.61416670000001,25.0405,1013.25,17.797,94.86,1.0,0.0,16.57,15.71,16.5,15.71,16.57,15.71,15.71,16.52
SINICA,2019/10/22 05:10,121.61416670000001,25.0405,1013.25,17.782,94.75,1.0,0.0,16.54,15.69,16.5,15.69,16.54,15.69,15.69,16.49
SINICA,2019/10/22 05:20,121.61416670000001,25.0405,1013.25,17.675,94.69,1.0,0.0,16.43,15.57,16.4,15.57,16.43,15.57,15.57,16.38
SINICA,2019/10/22 05:30,121.61416670000001,25.0405,1013.25,17.564,94.72,1.0,0.0,16.31,15.44,16.3,15.44,16.31,15.44,15.44,16.26
SINICA,2019/10/22 05:40,121.61416670000001,25.0405,1013.25,17.567999999999998,94.78,1.0,0.0,16.32,15.45,16.3,15.45,16.32,15.45,15.45,16.27
SINICA,2019/10/22 05:50,121.61416670000001,25.0405,1013.25,17.583,94.78,2.7,0.0,16.37,15.53,16.3,15.53,16.37,15.53,15.53,16.32
SINICA,2019/10/22 06:00,121.61416670000001,25.0405,1013.25,17.74,94.7,8.8,0.0,16.62,15.94,16.6,15.94,16.62,15.94,15.94,16.6
SINICA,2019/10/22 06:10,121.61416670000001,25.0405,1013.25,17.945,94.52,16.7,0.0,16.94,16.48,16.9,16.48,16.94,16.48,16.48,16.95
SINICA,2019/10/22 06:20,121.61416670000001,25.0405,1013.25,18.127,94.31,35.3,0.0,17.45,17.39,17.5,17.39,17.45,17.39,17.39,17.51
SINICA,2019/10/22 06:30,121.61416670000001,25.0405,1013.25,18.432000000000002,93.78,39.2,0.0,17.76,17.86,17.8,17.86,17.76,17.86,17.86,17.85
SINICA,2019/10/22 06:40,121.61416670000001,25.0405,1013.25,18.71,93.35,73.8,0.0,18.53,19.54,18.8,19.54,18.53,19.54,19.54,18.75
SINICA,2019/10/22 06:50,121.61416670000001,25.0405,1013.25,19.552,91.94,89.8,0.0,19.45,21.05,19.8,21.05,19.45,21.05,21.05,19.78
SINICA,2019/10/22 07:00,121.61416670000001,25.0405,1013.25,19.933,90.93,73.9,0.0,19.51,20.84,19.8,20.84,19.51,20.84,20.84,19.82
SINICA,2019/10/22 07:10,121.61416670000001,25.0405,1013.25,21.31,88.44,76.5,0.0,20.64,22.4,21.1,22.4,20.64,22.4,22.4,21.06
SINICA,2019/10/22 07:20,121.61416670000001,25.0405,1013.25,22.054000000000002,84.98,89.8,0.0,21.16,23.64,21.7,23.64,21.16,23.64,23.64,21.75
SINICA,2019/10/22 07:30,121.61416670000001,25.0405,1013.25,23.031,81.84,117.0,0.0,22.1,25.65,22.9,25.65,22.1,25.65,25.65,22.9
SINICA,2019/10/22 07:40,121.61416670000001,25.0405,1013.25,23.592,78.38,127.1,0.0,22.35,26.55,23.3,26.55,22.35,26.55,26.55,23.31
SINICA,2019/10/22 07:50,121.61416670000001,25.0405,1013.25,24.791,75.5,149.1,0.0,23.38,28.59,24.6,28.59,23.38,28.59,28.59,24.56
SINICA,2019/10/22 08:00,121.61416670000001,25.0405,1013.25,25.243000000000002,72.51,223.9,0.0,24.32,31.72,25.9,31.72,24.32,31.72,31.72,25.89
SINICA,2019/10/22 08:10,121.61416670000001,25.0405,1013.25,24.695,72.22,249.4,0.0,24.12,32.04,25.8,32.04,24.12,32.04,32.04,25.76
SINICA,2019/10/22 08:20,121.61416670000001,25.0405,1013.25,24.991,72.11,223.1,0.0,24.03,31.41,25.6,31.41,24.03,31.41,31.41,25.6
SINICA,2019/10/22 08:30,121.61416670000001,25.0405,1013.25,25.017,71.88,203.5,0.0,23.79,30.72,25.3,30.72,23.79,30.72,30.72,25.3
SINICA,2019/10/22 08:40,121.61416670000001,25.0405,1013.25,25.906999999999996,69.57,223.3,0.0,24.5,32.32,26.2,32.32,24.5,32.32,32.32,26.2
SINICA,2019/10/22 08:50,121.61416670000001,25.0405,1013.25,26.406999999999996,68.27,311.9,0.1,25.76,35.99,27.9,37.96,25.76,35.99,37.96,28.26
SINICA,2019/10/22 09:00,121.61416670000001,25.0405,1013.25,26.308000000000003,65.41,475.5,0.25,25.03,38.73,27.9,42.19,25.03,38.73,42.19,28.59
SINICA,2019/10/22 09:10,121.61416670000001,25.0405,1013.25,25.745,65.33,537.3,1.2,22.66,34.58,25.4,38.08,22.66,34.58,38.08,26.05
SINICA,2019/10/22 09:20,121.61416670000001,25.0405,1013.25,25.820999999999998,64.52,576.2,0.95,22.98,36.14,25.9,40.07,22.98,36.14,40.07,26.68
SINICA,2019/10/22 09:30,121.61416670000001,25.0405,1013.25,25.750999999999998,63.28,428.4,0.85,22.32,33.43,24.9,36.3,22.32,33.43,36.3,25.46
SINICA,2019/10/22 09:40,121.61416670000001,25.0405,1013.25,25.454,64.18,462.9,1.1,22.06,33.15,24.6,36.16,22.06,33.15,36.16,25.22
SINICA,2019/10/22 09:50,121.61416670000001,25.0405,1013.25,26.405,63.16,638.9,0.9,23.53,38.14,26.7,42.57,23.53,38.14,42.57,27.63
SINICA,2019/10/22 10:00,121.61416670000001,25.0405,1013.25,26.805999999999997,61.31,653.3,1.05,23.44,38.2,26.7,42.62,23.44,38.2,42.62,27.61
SINICA,2019/10/22 10:10,121.61416670000001,25.0405,1013.25,26.776999999999997,60.9,662.3,1.25,23.16,37.66,26.4,42.01,23.16,37.66,42.01,27.29
SINICA,2019/10/22 10:20,121.61416670000001,25.0405,1013.25,26.929000000000002,61.04,684.8,0.9,23.79,39.55,27.3,44.31,23.79,39.55,44.31,28.21
SINICA,2019/10/22 10:30,121.61416670000001,25.0405,1013.25,26.89,61.0,706.8,1.4,23.25,38.12,26.6,42.68,23.25,38.12,42.68,27.5
SINICA,2019/10/22 10:40,121.61416670000001,25.0405,1013.25,26.976,61.06,683.2,1.2,23.44,38.4,26.8,42.93,23.44,38.4,42.93,27.69
SINICA,2019/10/22 10:50,121.61416670000001,25.0405,1013.25,26.737,61.38,486.0,1.0,22.86,35.12,25.7,38.34,22.86,35.12,38.34,26.34
SINICA,2019/10/22 11:00,121.61416670000001,25.0405,1013.25,27.57,60.47,739.9,0.85,24.45,41.53,28.2,46.74,24.45,41.53,46.74,29.22
SINICA,2019/10/22 11:10,121.61416670000001,25.0405,1013.25,27.776,59.48,731.3,1.0,24.21,40.83,27.9,45.85,24.21,40.83,45.85,28.89
SINICA,2019/10/22 11:20,121.61416670000001,25.0405,1013.25,27.959,58.61,756.0,1.1,24.16,41.05,27.9,46.17,24.16,41.05,46.17,28.94
SINICA,2019/10/22 11:30,121.61416670000001,25.0405,1013.25,27.744,58.69,734.1,1.3,23.73,39.72,27.3,44.53,23.73,39.72,44.53,28.29
SINICA,2019/10/22 11:40,121.61416670000001,25.0405,1013.25,27.615,59.01,731.3,1.05,23.93,40.44,27.6,45.42,23.93,40.44,45.42,28.6
SINICA,2019/10/22 11:50,121.61416670000001,25.0405,1013.25,27.744,58.13,724.1,1.15,23.76,40.04,27.4,44.88,23.76,40.04,44.88,28.38
SINICA,2019/10/22 12:00,121.61416670000001,25.0405,1013.25,27.936,57.48,715.3,1.0,23.97,40.65,27.7,45.54,23.97,40.65,45.54,28.68
SINICA,2019/10/22 12:10,121.61416670000001,25.0405,1013.25,27.691,57.53,709.6,1.45,23.32,38.78,26.8,43.31,23.32,38.78,43.31,27.76
SINICA,2019/10/22 12:20,121.61416670000001,25.0405,1013.25,27.735,57.56,697.0,1.05,23.71,39.9,27.4,44.62,23.71,39.9,44.62,28.29
SINICA,2019/10/22 12:30,121.61416670000001,25.0405,1013.25,27.636999999999997,57.32,690.2,1.5,23.16,38.26,26.6,42.62,23.16,38.26,42.62,27.5
SINICA,2019/10/22 12:40,121.61416670000001,25.0405,1013.25,27.923000000000002,56.64,676.0,1.1,23.61,39.5,27.2,44.03,23.61,39.5,44.03,28.13
SINICA,2019/10/22 12:50,121.61416670000001,25.0405,1013.25,28.070999999999998,55.34,664.5,1.05,23.55,39.59,27.2,44.06,23.55,39.59,44.06,28.1
SINICA,2019/10/22 13:00,121.61416670000001,25.0405,1013.25,27.747,55.45,652.9,1.2,23.11,38.54,26.7,42.82,23.11,38.54,42.82,27.52
SINICA,2019/10/22 13:10,121.61416670000001,25.0405,1013.25,27.576999999999998,55.26,633.3,1.25,22.85,37.86,26.3,41.97,22.85,37.86,41.97,27.15
SINICA,2019/10/22 13:20,121.61416670000001,25.0405,1013.25,28.031999999999996,54.6,616.7,1.05,23.26,38.64,26.8,42.76,23.26,38.64,42.76,27.64
SINICA,2019/10/22 13:30,121.61416670000001,25.0405,1013.25,27.648000000000003,54.98,602.3,1.25,22.78,37.38,26.2,41.27,22.78,37.38,41.27,26.96
SINICA,2019/10/22 13:40,121.61416670000001,25.0405,1013.25,27.38,55.35,583.6,1.25,22.58,36.79,25.9,40.55,22.58,36.79,40.55,26.65
SINICA,2019/10/22 13:50,121.61416670000001,25.0405,1013.25,27.557,55.0,561.0,1.05,22.79,37.12,26.1,40.83,22.79,37.12,40.83,26.87
SINICA,2019/10/22 14:00,121.61416670000001,25.0405,1013.25,27.74,54.27,535.3,0.8,23.05,37.66,26.4,41.32,23.05,37.66,41.32,27.17
SINICA,2019/10/22 14:10,121.61416670000001,25.0405,1013.25,27.234,54.6,511.3,1.6,21.92,34.66,25.0,37.74,21.92,34.66,37.74,25.62
SINICA,2019/10/22 14:20,121.61416670000001,25.0405,1013.25,27.244,54.1,486.6,1.2,22.04,35.0,25.2,38.08,22.04,35.0,38.08,25.77
SINICA,2019/10/22 14:30,121.61416670000001,25.0405,1013.25,27.123,53.77,464.9,1.3,21.75,34.28,24.8,37.16,21.75,34.28,37.16,25.37
SINICA,2019/10/22 14:40,121.61416670000001,25.0405,1013.25,27.305,53.27,440.5,0.85,22.15,35.07,25.2,37.97,22.15,35.07,37.97,25.83
SINICA,2019/10/22 14:50,121.61416670000001,25.0405,1013.25,26.805999999999997,53.96,399.1,1.3,21.33,32.79,24.2,35.19,21.33,32.79,35.19,24.65
SINICA,2019/10/22 15:00,121.61416670000001,25.0405,1013.25,26.436999999999998,55.74,256.4,1.1,20.94,30.14,23.3,31.59,20.94,30.14,31.59,23.62
SINICA,2019/10/22 15:10,121.61416670000001,25.0405,1013.25,26.005,57.54,201.6,0.6,20.99,29.28,23.2,30.42,20.99,29.28,30.42,23.38
SINICA,2019/10/22 15:20,121.61416670000001,25.0405,1013.25,26.529,57.13,275.9,0.2,22.93,33.31,25.4,35.08,22.93,33.31,35.08,25.72
SINICA,2019/10/22 15:30,121.61416670000001,25.0405,1013.25,26.484,57.39,289.2,0.65,21.74,31.66,24.2,33.49,21.74,31.66,33.49,24.56
SINICA,2019/10/22 15:40,121.61416670000001,25.0405,1013.25,25.958000000000002,59.0,179.8,0.8,20.91,28.52,22.9,29.47,20.91,28.52,29.47,23.13
SINICA,2019/10/22 15:50,121.61416670000001,25.0405,1013.25,25.322,61.43,113.4,0.65,20.51,26.59,22.2,27.04,20.51,26.59,27.04,22.3
SINICA,2019/10/22 16:00,121.61416670000001,25.0405,1013.25,25.018,63.41,80.6,0.6,20.4,25.58,21.9,25.78,20.4,25.58,25.78,21.94
SINICA,2019/10/22 16:10,121.61416670000001,25.0405,1013.25,24.875,64.69,56.1,0.45,20.39,24.83,21.7,24.82,20.39,24.83,24.82,21.72
SINICA,2019/10/22 16:20,121.61416670000001,25.0405,1013.25,24.688000000000002,65.81,46.5,0.75,20.24,24.45,21.5,24.36,20.24,24.45,24.36,21.51
SINICA,2019/10/22 16:30,121.61416670000001,25.0405,1013.25,24.424,67.2,35.1,0.55,20.18,23.89,21.3,23.71,20.18,23.89,23.71,21.31
SINICA,2019/10/22 16:40,121.61416670000001,25.0405,1013.25,24.37,67.95,24.0,0.2,20.28,23.35,21.3,23.08,20.28,23.35,23.08,21.25
SINICA,2019/10/22 16:50,121.61416670000001,25.0405,1013.25,24.168000000000003,68.35,13.5,1.05,19.97,23.33,21.1,23.0,19.97,23.33,23.0,21.0
SINICA,2019/10/22 17:00,121.61416670000001,25.0405,1013.25,24.064,68.22,6.3,0.95,19.83,23.04,20.9,22.65,19.83,23.04,22.65,20.82
SINICA,2019/10/22 17:10,121.61416670000001,25.0405,1013.25,23.996,68.23,2.1,0.85,19.75,22.84,20.8,22.41,19.75,22.84,22.41,20.71
SINICA,2019/10/22 17:20,121.61416670000001,25.0405,1013.25,23.885,68.67,1.0,0.25,19.71,22.19,20.6,21.72,19.71,22.19,21.72,20.53
SINICA,2019/10/22 17:30,121.61416670000001,25.0405,1013.25,23.794,69.05,1.0,0.65,19.67,22.51,20.7,22.06,19.67,22.51,22.06,20.56
SINICA,2019/10/22 17:40,121.61416670000001,25.0405,1013.25,23.625,69.93,1.0,0.8,19.64,22.43,20.6,21.99,19.64,22.43,21.99,20.51
SINICA,2019/10/22 17:50,121.61416670000001,25.0405,1013.25,23.495,70.71,1.0,1.15,19.63,22.45,20.6,22.04,19.63,22.45,22.04,20.5
SINICA,2019/10/22 18:00,121.61416670000001,25.0405,1013.25,23.384,71.49,1.0,0.8,19.63,22.2,20.5,21.76,19.63,22.2,21.76,20.43
SINICA,2019/10/22 18:10,121.61416670000001,25.0405,1013.25,23.363000000000003,71.68,1.0,0.4,19.63,21.9,20.5,21.44,19.63,21.9,21.44,20.37
SINICA,2019/10/22 18:20,121.61416670000001,25.0405,1013.25,23.371,71.7,1.0,0.55,19.65,22.05,20.5,21.6,19.65,22.05,21.6,20.41
SINICA,2019/10/22 18:30,121.61416670000001,25.0405,1013.25,23.305999999999997,72.02,1.0,0.35,19.62,21.79,20.4,21.33,19.62,21.79,21.33,20.33
SINICA,2019/10/22 18:40,121.61416670000001,25.0405,1013.25,23.261,72.44,1.0,0.25,19.62,21.6,20.4,21.14,19.62,21.6,21.14,20.29
SINICA,2019/10/22 18:50,121.61416670000001,25.0405,1013.25,23.051,73.4,1.0,0.5,19.58,21.69,20.3,21.24,19.58,21.69,21.24,20.26
SINICA,2019/10/22 19:00,121.61416670000001,25.0405,1013.25,22.982,73.95,1.0,0.8,19.6,21.82,20.4,21.39,19.6,21.82,21.39,20.3
SINICA,2019/10/22 19:10,121.61416670000001,25.0405,1013.25,23.088,73.69,1.0,0.25,19.62,21.45,20.3,20.99,19.62,21.45,20.99,20.24
SINICA,2019/10/22 19:20,121.61416670000001,25.0405,1013.25,23.092,73.82,1.0,0.3,19.65,21.53,20.4,21.07,19.65,21.53,21.07,20.28
SINICA,2019/10/22 19:30,121.61416670000001,25.0405,1013.25,23.066,73.92,1.0,0.1,19.59,21.03,20.2,20.61,19.59,21.03,20.61,20.14
SINICA,2019/10/22 19:40,121.61416670000001,25.0405,1013.25,23.119,73.72,1.0,0.05,19.61,21.09,20.3,20.77,19.61,21.09,20.77,20.19
SINICA,2019/10/22 19:50,121.61416670000001,25.0405,1013.25,23.088,73.86,1.0,0.0,19.6,21.06,20.2,21.06,19.6,21.06,21.06,20.24
SINICA,2019/10/22 20:00,121.61416670000001,25.0405,1013.25,23.068,73.93,1.0,0.0,19.59,21.04,20.2,21.04,19.59,21.04,21.04,20.23
SINICA,2019/10/22 20:10,121.61416670000001,25.0405,1013.25,23.021,74.24,1.0,0.0,19.58,20.99,20.2,20.99,19.58,20.99,20.99,20.21
SINICA,2019/10/22 20:20,121.61416670000001,25.0405,1013.25,22.885,75.14,1.0,0.0,19.56,20.86,20.2,20.86,19.56,20.86,20.86,20.15
SINICA,2019/10/22 20:30,121.61416670000001,25.0405,1013.25,22.836,75.74,1.0,0.0,19.59,20.83,20.2,20.83,19.59,20.83,20.83,20.16
SINICA,2019/10/22 20:40,121.61416670000001,25.0405,1013.25,22.88,75.73,1.0,0.05,19.63,20.87,20.2,20.56,19.63,20.87,20.56,20.14
SINICA,2019/10/22 20:50,121.61416670000001,25.0405,1013.25,22.545,76.98,1.0,0.65,19.58,21.33,20.2,20.9,19.58,21.33,20.9,20.14
SINICA,2019/10/22 21:00,121.61416670000001,25.0405,1013.25,22.543000000000003,77.03,1.0,0.55,19.57,21.26,20.2,20.82,19.57,21.26,20.82,20.12
SINICA,2019/10/22 21:10,121.61416670000001,25.0405,1013.25,22.494,77.16,1.0,0.5,19.54,21.17,20.2,20.73,19.54,21.17,20.73,20.07
SINICA,2019/10/22 21:20,121.61416670000001,25.0405,1013.25,22.378,77.98,1.0,0.45,19.53,21.01,20.1,20.56,19.53,21.01,20.56,20.02
SINICA,2019/10/22 21:30,121.61416670000001,25.0405,1013.25,22.493000000000002,77.58,1.0,0.1,19.49,20.5,20.0,20.09,19.49,20.5,20.09,19.91
SINICA,2019/10/22 21:40,121.61416670000001,25.0405,1013.25,22.601,77.1,1.0,0.0,19.52,20.6,20.0,20.6,19.52,20.6,20.6,20.04
SINICA,2019/10/22 21:50,121.61416670000001,25.0405,1013.25,22.484,77.53,1.0,0.1,19.47,20.48,20.0,20.07,19.47,20.48,20.07,19.89
SINICA,2019/10/22 22:00,121.61416670000001,25.0405,1013.25,22.434,78.02,1.0,0.0,19.48,20.44,20.0,20.44,19.48,20.44,20.44,19.97
SINICA,2019/10/22 22:10,121.61416670000001,25.0405,1013.25,22.443,78.39,1.0,0.05,19.54,20.46,20.0,20.15,19.54,20.46,20.15,19.95
SINICA,2019/10/22 22:20,121.61416670000001,25.0405,1013.25,22.384,78.73,1.0,0.0,19.52,20.41,20.0,20.41,19.52,20.41,20.41,19.98
SINICA,2019/10/22 22:30,121.61416670000001,25.0405,1013.25,22.218000000000004,79.52,1.0,0.0,19.45,20.25,19.9,20.25,19.45,20.25,20.25,19.89
SINICA,2019/10/22 22:40,121.61416670000001,25.0405,1013.25,22.19,80.02,1.0,0.2,19.55,20.52,20.0,20.09,19.55,20.52,20.09,19.92
SINICA,2019/10/22 22:50,121.61416670000001,25.0405,1013.25,22.16,80.19,1.0,0.0,19.47,20.2,19.9,20.2,19.47,20.2,20.2,19.88
SINICA,2019/10/22 23:00,121.61416670000001,25.0405,1013.25,22.12,80.53,1.0,0.0,19.47,20.16,19.9,20.16,19.47,20.16,20.16,19.87
SINICA,2019/10/22 23:10,121.61416670000001,25.0405,1013.25,22.138,80.72,1.0,0.05,19.51,20.19,19.9,19.89,19.51,20.19,19.89,19.85
SINICA,2019/10/22 23:20,121.61416670000001,25.0405,1013.25,22.151999999999997,80.74,1.0,0.15,19.58,20.37,20.0,19.95,19.58,20.37,19.95,19.91
SINICA,2019/10/22 23:30,121.61416670000001,25.0405,1013.25,22.098000000000003,80.86,1.0,0.0,19.48,20.15,19.9,20.15,19.48,20.15,20.15,19.88
SINICA,2019/10/22 23:40,121.61416670000001,25.0405,1013.25,22.01,81.45,1.0,0.05,19.47,20.07,19.8,19.77,19.47,20.07,19.77,19.78
SINICA,2019/10/22 23:50,121.61416670000001,25.0405,1013.25,22.025,81.61,1.0,0.0,19.5,20.09,19.9,20.09,19.5,20.09,20.09,19.87
SINICA,2019/10/23 00:00,121.61416670000001,25.0405,1013.25,21.974,81.81,1.0,0.0,19.47,20.04,19.8,20.04,19.47,20.04,20.04,19.83
SINICA,2019/10/23 00:10,121.61416670000001,25.0405,1013.25,21.81,83.04,1.0,0.0,19.46,19.89,19.8,19.89,19.46,19.89,19.89,19.78
SINICA,2019/10/23 00:20,121.61416670000001,25.0405,1013.25,21.642,84.31,1.0,0.0,19.44,19.73,19.7,19.73,19.44,19.73,19.73,19.72
SINICA,2019/10/23 00:30,121.61416670000001,25.0405,1013.25,21.423000000000002,85.47,1.0,0.0,19.35,19.52,19.6,19.52,19.35,19.52,19.52,19.59
SINICA,2019/10/23 00:40,121.61416670000001,25.0405,1013.25,21.186999999999998,86.88,1.0,0.0,19.27,19.29,19.5,19.29,19.27,19.29,19.29,19.47
SINICA,2019/10/23 00:50,121.61416670000001,25.0405,1013.25,21.331999999999997,86.43,1.0,0.0,19.37,19.44,19.6,19.44,19.37,19.44,19.44,19.58
SINICA,2019/10/23 01:00,121.61416670000001,25.0405,1013.25,21.281,85.91,1.0,0.0,19.25,19.37,19.5,19.37,19.25,19.37,19.37,19.48
SINICA,2019/10/23 01:10,121.61416670000001,25.0405,1013.25,21.189,86.3,1.0,0.0,19.21,19.28,19.4,19.28,19.21,19.28,19.28,19.42
SINICA,2019/10/23 01:20,121.61416670000001,25.0405,1013.25,21.162,86.81,1.0,0.0,19.24,19.26,19.4,19.26,19.24,19.26,19.26,19.44
SINICA,2019/10/23 01:30,121.61416670000001,25.0405,1013.25,21.125,87.37,1.0,0.0,19.26,19.24,19.4,19.24,19.26,19.24,19.24,19.44
SINICA,2019/10/23 01:40,121.61416670000001,25.0405,1013.25,21.136,87.4,1.0,0.0,19.28,19.25,19.5,19.25,19.28,19.25,19.25,19.46
SINICA,2019/10/23 01:50,121.61416670000001,25.0405,1013.25,21.274,87.21,1.0,0.0,19.4,19.4,19.6,19.4,19.4,19.4,19.4,19.59
SINICA,2019/10/23 02:00,121.61416670000001,25.0405,1013.25,21.212,87.14,1.0,0.0,19.33,19.33,19.5,19.33,19.33,19.33,19.33,19.52
SINICA,2019/10/23 02:10,121.61416670000001,25.0405,1013.25,20.983,87.78,1.0,0.0,19.16,19.09,19.3,19.09,19.16,19.09,19.09,19.33
SINICA,2019/10/23 02:20,121.61416670000001,25.0405,1013.25,20.648000000000003,88.55,1.0,0.0,18.91,18.73,19.0,18.73,18.91,18.73,18.73,19.05
SINICA,2019/10/23 02:30,121.61416670000001,25.0405,1013.25,20.673000000000002,89.19,1.0,0.0,19.0,18.77,19.1,18.77,19.0,18.77,18.77,19.12
SINICA,2019/10/23 02:40,121.61416670000001,25.0405,1013.25,20.801,89.34,1.0,0.0,19.16,18.92,19.3,18.92,19.16,18.92,18.92,19.28
SINICA,2019/10/23 02:50,121.61416670000001,25.0405,1013.25,20.66,89.75,1.0,0.0,19.06,18.77,19.2,18.77,19.06,18.77,18.77,19.16
SINICA,2019/10/23 03:00,121.61416670000001,25.0405,1013.25,20.531,90.19,1.0,0.0,18.97,18.64,19.1,18.64,18.97,18.64,18.64,19.06
SINICA,2019/10/23 03:10,121.61416670000001,25.0405,1013.25,20.633000000000003,90.43,1.0,0.0,19.1,18.76,19.2,18.76,19.1,18.76,18.76,19.19
SINICA,2019/10/23 03:20,121.61416670000001,25.0405,1013.25,20.595,90.5,1.0,0.0,19.07,18.72,19.2,18.72,19.07,18.72,18.72,19.15
SINICA,2019/10/23 03:30,121.61416670000001,25.0405,1013.25,20.616,90.6,1.0,0.0,19.11,18.75,19.2,18.75,19.11,18.75,18.75,19.19
SINICA,2019/10/23 03:40,121.61416670000001,25.0405,1013.25,20.436,90.69,1.0,0.0,18.93,18.55,19.0,18.55,18.93,18.55,18.55,19.0
SINICA,2019/10/23 03:50,121.61416670000001,25.0405,1013.25,20.340999999999998,91.02,1.0,0.0,18.87,18.45,18.9,18.45,18.87,18.45,18.45,18.93
SINICA,2019/10/23 04:00,121.61416670000001,25.0405,1013.25,20.241,91.31,1.0,0.0,18.74,18.34,18.8,18.34,18.74,18.34,18.34,18.81
SINICA,2019/10/23 04:10,121.61416670000001,25.0405,1013.25,20.214000000000002,91.58,1.0,0.0,18.74,18.32,18.8,18.32,18.74,18.32,18.32,18.8
SINICA,2019/10/23 04:20,121.61416670000001,25.0405,1013.25,20.198,91.84,1.0,0.0,18.75,18.31,18.8,18.31,18.75,18.31,18.31,18.81
SINICA,2019/10/23 04:30,121.61416670000001,25.0405,1013.25,20.084,92.16,1.0,0.0,18.67,18.19,18.7,18.19,18.67,18.19,18.19,18.72
SINICA,2019/10/23 04:40,121.61416670000001,25.0405,1013.25,20.062,92.36,1.0,0.0,18.66,18.17,18.7,18.17,18.66,18.17,18.17,18.7
SINICA,2019/10/23 04:50,121.61416670000001,25.0405,1013.25,20.037,92.59,1.0,0.0,18.67,18.15,18.7,18.15,18.67,18.15,18.15,18.7
SINICA,2019/10/23 05:00,121.61416670000001,25.0405,1013.25,20.009,92.86,1.0,0.0,18.66,18.12,18.7,18.12,18.66,18.12,18.12,18.69
SINICA,2019/10/23 05:10,121.61416670000001,25.0405,1013.25,20.011,93.06,1.0,0.0,18.68,18.13,18.7,18.13,18.68,18.13,18.13,18.7
SINICA,2019/10/23 05:20,121.61416670000001,25.0405,1013.25,19.965999999999998,93.23,1.0,0.0,18.67,18.08,18.7,18.08,18.67,18.08,18.08,18.68
SINICA,2019/10/23 05:30,121.61416670000001,25.0405,1013.25,19.972,93.52,1.0,0.0,18.7,18.1,18.7,18.1,18.7,18.1,18.1,18.71
SINICA,2019/10/23 05:40,121.61416670000001,25.0405,1013.25,19.908,93.56,1.0,0.0,18.64,18.02,18.6,18.02,18.64,18.02,18.02,18.64
SINICA,2019/10/23 05:50,121.61416670000001,25.0405,1013.25,19.929000000000002,93.72,1.3,0.0,18.68,18.06,18.7,18.06,18.68,18.06,18.06,18.68
SINICA,2019/10/23 06:00,121.61416670000001,25.0405,1013.25,20.105,93.85,6.2,0.0,18.95,18.45,19.0,18.45,18.95,18.45,18.45,18.97
SINICA,2019/10/23 06:10,121.61416670000001,25.0405,1013.25,20.35,93.83,14.2,0.0,19.37,19.03,19.4,19.03,19.37,19.03,19.03,19.4
SINICA,2019/10/23 06:20,121.61416670000001,25.0405,1013.25,20.563000000000002,93.83,25.2,0.0,19.75,19.7,19.8,19.7,19.75,19.7,19.7,19.82
SINICA,2019/10/23 06:30,121.61416670000001,25.0405,1013.25,20.607,93.7,41.0,0.0,20.01,20.35,20.1,20.35,20.01,20.35,20.35,20.14
SINICA,2019/10/23 06:40,121.61416670000001,25.0405,1013.25,20.898000000000003,93.5,60.1,0.0,20.55,21.45,20.8,21.45,20.55,21.45,21.45,20.76
SINICA,2019/10/23 06:50,121.61416670000001,25.0405,1013.25,22.03,92.91,131.5,0.0,22.56,25.38,23.1,25.38,22.56,25.38,25.38,23.07
SINICA,2019/10/23 07:00,121.61416670000001,25.0405,1013.25,23.271,91.47,116.8,0.0,23.42,26.17,24.0,26.17,23.42,26.17,26.17,23.96
SINICA,2019/10/23 07:10,121.61416670000001,25.0405,1013.25,24.219,88.3,100.0,0.0,23.77,26.51,24.4,26.51,23.77,26.51,26.51,24.36
SINICA,2019/10/23 07:20,121.61416670000001,25.0405,1013.25,23.72,85.61,111.8,0.0,23.13,26.32,23.8,26.32,23.13,26.32,26.32,23.83
SINICA,2019/10/23 07:30,121.61416670000001,25.0405,1013.25,24.552,83.45,113.0,0.0,23.68,27.23,24.5,27.23,23.68,27.23,27.23,24.48
SINICA,2019/10/23 07:40,121.61416670000001,25.0405,1013.25,25.070999999999998,80.68,116.8,0.05,23.89,27.86,24.8,28.29,23.89,27.86,28.29,24.89
SINICA,2019/10/23 07:50,121.61416670000001,25.0405,1013.25,25.932,78.43,162.7,0.05,24.95,30.43,26.1,31.13,24.95,30.43,31.13,26.28
SINICA,2019/10/23 08:00,121.61416670000001,25.0405,1013.25,26.254,76.43,259.0,0.05,26.09,34.2,27.7,35.43,26.09,34.2,35.43,27.97
SINICA,2019/10/23 08:10,121.61416670000001,25.0405,1013.25,25.796,76.16,267.4,0.1,25.73,34.0,27.4,35.68,25.73,34.0,35.68,27.73
SINICA,2019/10/23 08:20,121.61416670000001,25.0405,1013.25,25.449,76.25,210.9,0.55,23.27,29.42,24.7,30.78,23.27,29.42,30.78,24.99
SINICA,2019/10/23 08:30,121.61416670000001,25.0405,1013.25,24.75,78.07,263.9,1.05,22.75,28.97,24.2,30.61,22.75,28.97,30.61,24.52
SINICA,2019/10/23 08:40,121.61416670000001,25.0405,1013.25,25.444000000000003,76.98,306.1,0.55,23.82,31.68,25.6,33.81,23.82,31.68,33.81,25.98
SINICA,2019/10/23 08:50,121.61416670000001,25.0405,1013.25,25.453000000000003,75.76,242.1,0.6,23.3,30.03,24.9,31.62,23.3,30.03,31.62,25.18
SINICA,2019/10/23 09:00,121.61416670000001,25.0405,1013.25,25.729,74.85,303.4,0.5,23.85,32.05,25.7,34.16,23.85,32.05,34.16,26.1
SINICA,2019/10/23 09:10,121.61416670000001,25.0405,1013.25,26.59,72.18,526.6,0.8,24.72,36.66,27.3,40.38,24.72,36.66,40.38,28.04
SINICA,2019/10/23 09:20,121.61416670000001,25.0405,1013.25,26.79,71.35,638.0,0.9,25.02,38.68,27.9,43.17,25.02,38.68,43.17,28.83
SINICA,2019/10/23 09:30,121.61416670000001,25.0405,1013.25,28.191999999999997,68.88,483.2,0.25,27.03,41.01,29.9,44.58,27.03,41.01,44.58,30.66
SINICA,2019/10/23 09:40,121.61416670000001,25.0405,1013.25,26.392,70.05,318.0,0.85,23.41,31.98,25.4,34.07,23.41,31.98,34.07,25.84
SINICA,2019/10/23 09:50,121.61416670000001,25.0405,1013.25,26.561999999999998,71.16,433.6,0.55,24.57,35.71,27.0,38.83,24.57,35.71,38.83,27.62
SINICA,2019/10/23 10:00,121.61416670000001,25.0405,1013.25,27.078000000000003,68.45,694.9,1.05,24.82,39.4,28.0,44.18,24.82,39.4,44.18,28.92
SINICA,2019/10/23 10:10,121.61416670000001,25.0405,1013.25,27.285,67.18,741.4,1.1,24.88,40.25,28.2,45.32,24.88,40.25,45.32,29.21
SINICA,2019/10/23 10:20,121.61416670000001,25.0405,1013.25,26.793000000000003,67.66,643.7,1.55,23.89,36.69,26.7,40.77,23.89,36.69,40.77,27.56
SINICA,2019/10/23 10:30,121.61416670000001,25.0405,1013.25,26.730999999999998,68.23,459.6,0.65,24.21,35.94,26.8,39.2,24.21,35.94,39.2,27.46
SINICA,2019/10/23 10:40,121.61416670000001,25.0405,1013.25,26.230999999999998,69.34,431.2,0.9,23.51,33.96,25.9,36.88,23.51,33.96,36.88,26.46
SINICA,2019/10/23 10:50,121.61416670000001,25.0405,1013.25,27.372,68.05,596.0,0.45,25.79,41.01,29.0,45.45,25.79,41.01,45.45,29.88
SINICA,2019/10/23 11:00,121.61416670000001,25.0405,1013.25,28.21,66.11,762.0,0.5,26.76,45.29,30.6,51.0,26.76,45.29,51.0,31.75
SINICA,2019/10/23 11:10,121.61416670000001,25.0405,1013.25,28.002,65.67,759.4,0.8,25.71,42.75,29.3,48.19,25.71,42.75,48.19,30.44
SINICA,2019/10/23 11:20,121.61416670000001,25.0405,1013.25,27.39,66.27,760.8,1.35,24.6,39.79,27.9,44.8,24.6,39.79,44.8,28.92
SINICA,2019/10/23 11:30,121.61416670000001,25.0405,1013.25,27.276999999999997,66.92,759.1,1.55,24.44,39.06,27.6,43.92,24.44,39.06,43.92,28.62
SINICA,2019/10/23 11:40,121.61416670000001,25.0405,1013.25,27.646,65.55,724.0,0.95,25.04,40.91,28.5,45.97,25.04,40.91,45.97,29.49
SINICA,2019/10/23 11:50,121.61416670000001,25.0405,1013.25,27.311999999999998,65.82,710.7,1.65,24.13,38.05,27.2,42.52,24.13,38.05,42.52,28.13
SINICA,2019/10/23 12:00,121.61416670000001,25.0405,1013.25,26.595,67.36,693.7,2.25,23.42,35.93,26.2,39.98,23.42,35.93,39.98,27.05
SINICA,2019/10/23 12:10,121.61416670000001,25.0405,1013.25,26.689,67.15,578.7,1.5,23.55,35.61,26.3,39.27,23.55,35.61,39.27,27.01
SINICA,2019/10/23 12:20,121.61416670000001,25.0405,1013.25,26.38,67.99,380.4,1.0,23.18,32.85,25.4,35.34,23.18,32.85,35.34,25.93
SINICA,2019/10/23 12:30,121.61416670000001,25.0405,1013.25,26.133000000000003,68.85,403.3,1.35,22.93,32.35,25.1,34.86,22.93,32.35,34.86,25.64
SINICA,2019/10/23 12:40,121.61416670000001,25.0405,1013.25,26.299,68.65,367.9,1.4,22.94,31.84,25.1,34.09,22.94,31.84,34.09,25.51
SINICA,2019/10/23 12:50,121.61416670000001,25.0405,1013.25,25.975,68.96,348.0,1.4,22.64,31.16,24.7,33.27,22.64,31.16,33.27,25.1
SINICA,2019/10/23 13:00,121.61416670000001,25.0405,1013.25,26.061999999999998,68.45,416.5,1.35,22.86,32.5,25.1,35.1,22.86,32.5,35.1,25.63
SINICA,2019/10/23 13:10,121.61416670000001,25.0405,1013.25,26.467,68.13,426.5,0.9,23.53,34.09,25.9,36.97,23.53,34.09,36.97,26.51
SINICA,2019/10/23 13:20,121.61416670000001,25.0405,1013.25,25.961,68.31,323.3,1.15,22.59,31.05,24.6,33.05,22.59,31.05,33.05,25.02
SINICA,2019/10/23 13:30,121.61416670000001,25.0405,1013.25,25.715999999999998,68.6,225.2,0.65,22.39,29.67,24.2,31.07,22.39,29.67,31.07,24.46
SINICA,2019/10/23 13:40,121.61416670000001,25.0405,1013.25,25.875999999999998,68.78,228.7,0.5,22.75,30.27,24.6,31.74,22.75,30.27,31.74,24.86
SINICA,2019/10/23 13:50,121.61416670000001,25.0405,1013.25,25.254,69.55,224.9,1.55,21.71,28.19,23.4,29.4,21.71,28.19,29.4,23.6
SINICA,2019/10/23 14:00,121.61416670000001,25.0405,1013.25,25.226,70.2,244.7,1.25,21.93,28.77,23.6,30.19,21.93,28.77,30.19,23.91
SINICA,2019/10/23 14:10,121.61416670000001,25.0405,1013.25,26.921,67.27,556.7,0.55,24.92,38.84,27.9,42.91,24.92,38.84,42.91,28.72
SINICA,2019/10/23 14:20,121.61416670000001,25.0405,1013.25,26.279,66.43,295.6,1.15,22.53,30.84,24.6,32.64,22.53,30.84,32.64,24.93
SINICA,2019/10/23 14:30,121.61416670000001,25.0405,1013.25,25.41,68.56,159.3,0.95,21.68,27.59,23.2,28.42,21.68,27.59,28.42,23.4
SINICA,2019/10/23 14:40,121.61416670000001,25.0405,1013.25,25.230999999999998,68.93,144.4,0.8,21.58,27.21,23.1,27.94,21.58,27.21,27.94,23.22
SINICA,2019/10/23 14:50,121.61416670000001,25.0405,1013.25,25.115,69.39,119.7,0.7,21.48,26.64,22.9,27.19,21.48,26.64,27.19,22.99
SINICA,2019/10/23 15:00,121.61416670000001,25.0405,1013.25,25.016,69.43,90.4,0.5,21.36,25.99,22.7,26.32,21.36,25.99,26.32,22.72
SINICA,2019/10/23 15:10,121.61416670000001,25.0405,1013.25,25.225,69.07,133.6,0.2,22.22,27.84,23.6,28.52,22.22,27.84,28.52,23.78
SINICA,2019/10/23 15:20,121.61416670000001,25.0405,1013.25,25.178,68.61,114.9,0.15,22.13,27.33,23.5,27.84,22.13,27.33,27.84,23.58
SINICA,2019/10/23 15:30,121.61416670000001,25.0405,1013.25,25.003,68.38,80.1,0.25,21.36,25.85,22.6,26.09,21.36,25.85,26.09,22.67
SINICA,2019/10/23 15:40,121.61416670000001,25.0405,1013.25,24.98,68.66,120.9,0.15,22.03,27.32,23.4,27.87,22.03,27.32,27.87,23.49
SINICA,2019/10/23 15:50,121.61416670000001,25.0405,1013.25,24.699,68.79,84.8,0.6,20.9,25.46,22.2,25.72,20.9,25.46,25.72,22.24
SINICA,2019/10/23 16:00,121.61416670000001,25.0405,1013.25,24.554000000000002,69.4,82.3,0.3,21.05,25.41,22.3,25.66,21.05,25.41,25.66,22.32
SINICA,2019/10/23 16:10,121.61416670000001,25.0405,1013.25,24.444000000000003,69.44,56.9,0.55,20.63,24.54,21.8,24.57,20.63,24.54,24.57,21.8
SINICA,2019/10/23 16:20,121.61416670000001,25.0405,1013.25,24.331999999999997,69.79,47.2,0.5,20.54,24.15,21.6,24.09,20.54,24.15,24.09,21.63
SINICA,2019/10/23 16:30,121.61416670000001,25.0405,1013.25,24.208000000000002,70.37,55.5,0.75,20.49,24.28,21.6,24.31,20.49,24.28,24.31,21.63
SINICA,2019/10/23 16:40,121.61416670000001,25.0405,1013.25,24.17,70.58,33.0,0.5,20.43,23.64,21.4,23.46,20.43,23.64,23.46,21.41
SINICA,2019/10/23 16:50,121.61416670000001,25.0405,1013.25,24.02,70.77,13.3,0.55,20.2,23.02,21.1,22.68,20.2,23.02,22.68,21.08
SINICA,2019/10/23 17:00,121.61416670000001,25.0405,1013.25,24.011999999999997,70.83,5.5,0.15,20.15,22.32,21.0,21.92,20.15,22.32,21.92,20.89
SINICA,2019/10/23 17:10,121.61416670000001,25.0405,1013.25,24.01,70.81,2.4,0.4,20.13,22.62,21.0,22.18,20.13,22.62,22.18,20.93
SINICA,2019/10/23 17:20,121.61416670000001,25.0405,1013.25,23.951,71.02,1.0,0.0,20.07,21.93,20.8,21.93,20.07,21.93,21.93,20.83
SINICA,2019/10/23 17:30,121.61416670000001,25.0405,1013.25,23.851999999999997,71.39,1.0,0.25,20.04,22.22,20.9,21.77,20.04,22.22,21.77,20.77
SINICA,2019/10/23 17:40,121.61416670000001,25.0405,1013.25,23.788,71.98,1.0,0.3,20.06,22.24,20.9,21.79,20.06,22.24,21.79,20.78
SINICA,2019/10/23 17:50,121.61416670000001,25.0405,1013.25,23.775,72.52,1.0,0.0,20.09,21.78,20.8,21.78,20.09,21.78,21.78,20.8
SINICA,2019/10/23 18:00,121.61416670000001,25.0405,1013.25,23.694000000000003,73.01,1.0,0.0,20.08,21.7,20.8,21.7,20.08,21.7,21.7,20.77
SINICA,2019/10/23 18:10,121.61416670000001,25.0405,1013.25,23.557,73.92,1.0,0.25,20.1,21.97,20.8,21.53,20.1,21.97,21.53,20.73
SINICA,2019/10/23 18:20,121.61416670000001,25.0405,1013.25,23.574,74.01,1.0,0.05,20.09,21.6,20.7,21.29,20.09,21.6,21.29,20.68
SINICA,2019/10/23 18:30,121.61416670000001,25.0405,1013.25,23.355,74.83,1.0,0.05,19.98,21.38,20.6,21.07,19.98,21.38,21.07,20.54
SINICA,2019/10/23 18:40,121.61416670000001,25.0405,1013.25,23.301,75.11,1.0,0.0,19.96,21.33,20.6,21.33,19.96,21.33,21.33,20.57
SINICA,2019/10/23 18:50,121.61416670000001,25.0405,1013.25,23.294,75.11,1.0,0.0,19.96,21.32,20.6,21.32,19.96,21.32,21.32,20.57
SINICA,2019/10/23 19:00,121.61416670000001,25.0405,1013.25,23.252,75.6,1.0,0.05,19.98,21.29,20.6,20.99,19.98,21.29,20.99,20.51
SINICA,2019/10/23 19:10,121.61416670000001,25.0405,1013.25,23.276,76.02,1.0,0.0,20.05,21.33,20.6,21.33,20.05,21.33,21.33,20.63
SINICA,2019/10/23 19:20,121.61416670000001,25.0405,1013.25,23.206,76.6,1.0,0.0,20.07,21.27,20.6,21.27,20.07,21.27,21.27,20.62
SINICA,2019/10/23 19:30,121.61416670000001,25.0405,1013.25,22.74,79.11,1.0,0.05,19.92,20.82,20.4,20.52,19.92,20.82,20.52,20.32
SINICA,2019/10/23 19:40,121.61416670000001,25.0405,1013.25,22.745,80.09,1.0,0.0,20.04,20.85,20.5,20.85,20.04,20.85,20.85,20.47
SINICA,2019/10/23 19:50,121.61416670000001,25.0405,1013.25,22.726999999999997,80.17,1.0,0.0,20.03,20.84,20.5,20.84,20.03,20.84,20.84,20.46
SINICA,2019/10/23 20:00,121.61416670000001,25.0405,1013.25,22.744,80.61,1.0,0.0,20.1,20.87,20.5,20.87,20.1,20.87,20.87,20.52
SINICA,2019/10/23 20:10,121.61416670000001,25.0405,1013.25,22.721,80.3,1.0,0.0,20.04,20.83,20.5,20.83,20.04,20.83,20.83,20.47
SINICA,2019/10/23 20:20,121.61416670000001,25.0405,1013.25,22.678,80.21,1.0,0.0,19.99,20.78,20.4,20.78,19.99,20.78,20.78,20.42
SINICA,2019/10/23 20:30,121.61416670000001,25.0405,1013.25,22.645,80.34,1.0,0.0,19.97,20.75,20.4,20.75,19.97,20.75,20.75,20.39
SINICA,2019/10/23 20:40,121.61416670000001,25.0405,1013.25,22.529,80.81,1.0,0.05,19.91,20.63,20.3,20.34,19.91,20.63,20.34,20.26
SINICA,2019/10/23 20:50,121.61416670000001,25.0405,1013.25,22.578000000000003,80.52,1.0,0.0,19.92,20.68,20.3,20.68,19.92,20.68,20.68,20.34
SINICA,2019/10/23 21:00,121.61416670000001,25.0405,1013.25,22.57,80.21,1.0,0.05,19.88,20.66,20.3,20.36,19.88,20.66,20.36,20.24
SINICA,2019/10/23 21:10,121.61416670000001,25.0405,1013.25,22.555999999999997,80.23,1.0,0.05,19.87,20.65,20.3,20.35,19.87,20.65,20.35,20.23
SINICA,2019/10/23 21:20,121.61416670000001,25.0405,1013.25,22.526,80.34,1.0,0.0,19.85,20.62,20.3,20.62,19.85,20.62,20.62,20.27
SINICA,2019/10/23 21:30,121.61416670000001,25.0405,1013.25,22.572,80.09,1.0,0.05,19.87,20.66,20.3,20.36,19.87,20.66,20.36,20.24
SINICA,2019/10/23 21:40,121.61416670000001,25.0405,1013.25,22.616999999999997,79.49,1.0,0.0,19.84,20.69,20.3,20.69,19.84,20.69,20.69,20.29
SINICA,2019/10/23 21:50,121.61416670000001,25.0405,1013.25,22.537,80.21,1.0,0.0,19.85,20.62,20.3,20.62,19.85,20.62,20.62,20.27
SINICA,2019/10/23 22:00,121.61416670000001,25.0405,1013.25,22.404,81.51,1.0,0.0,19.87,20.51,20.3,20.51,19.87,20.51,20.51,20.25
SINICA,2019/10/23 22:10,121.61416670000001,25.0405,1013.25,22.396,82.11,1.0,0.0,19.93,20.52,20.3,20.52,19.93,20.52,20.52,20.29
SINICA,2019/10/23 22:20,121.61416670000001,25.0405,1013.25,22.41,82.19,1.0,0.0,19.97,20.54,20.3,20.54,19.97,20.54,20.54,20.33
SINICA,2019/10/23 22:30,121.61416670000001,25.0405,1013.25,22.201999999999998,82.78,1.0,0.0,19.83,20.32,20.2,20.32,19.83,20.32,20.32,20.17
SINICA,2019/10/23 22:40,121.61416670000001,25.0405,1013.25,21.939,83.72,1.0,0.0,19.67,20.05,20.0,20.05,19.67,20.05,20.05,19.97
SINICA,2019/10/23 22:50,121.61416670000001,25.0405,1013.25,21.853,84.54,1.0,0.0,19.68,19.98,20.0,19.98,19.68,19.98,19.98,19.96
SINICA,2019/10/23 23:00,121.61416670000001,25.0405,1013.25,21.774,85.28,1.0,0.0,19.68,19.91,19.9,19.91,19.68,19.91,19.91,19.94
SINICA,2019/10/23 23:10,121.61416670000001,25.0405,1013.25,21.635,85.99,1.0,0.0,19.63,19.77,19.9,19.77,19.63,19.77,19.77,19.86
SINICA,2019/10/23 23:20,121.61416670000001,25.0405,1013.25,21.619,86.86,1.0,0.0,19.71,19.78,19.9,19.78,19.71,19.78,19.78,19.91
SINICA,2019/10/23 23:30,121.61416670000001,25.0405,1013.25,21.818,87.21,1.0,0.0,19.95,20.01,20.1,20.01,19.95,20.01,20.01,20.15
SINICA,2019/10/23 23:40,121.61416670000001,25.0405,1013.25,22.009,87.0,1.0,0.0,20.12,20.22,20.3,20.22,20.12,20.22,20.22,20.33
SINICA,2019/10/23 23:50,121.61416670000001,25.0405,1013.25,22.018,86.68,1.0,0.0,20.1,20.22,20.3,20.22,20.1,20.22,20.22,20.32
SINICA,2019/10/24 00:00,121.61416670000001,25.0405,1013.25,21.859,86.82,1.0,0.0,19.95,20.05,20.2,20.05,19.95,20.05,20.05,20.16
SINICA,2019/10/24 00:10,121.61416670000001,25.0405,1013.25,21.943,86.98,1.0,0.0,20.05,20.15,20.3,20.15,20.05,20.15,20.15,20.26
SINICA,2019/10/24 00:20,121.61416670000001,25.0405,1013.25,22.143,87.01,1.0,0.05,20.26,20.37,20.5,20.09,20.26,20.37,20.09,20.41
SINICA,2019/10/24 00:30,121.61416670000001,25.0405,1013.25,22.22,86.66,1.0,0.05,20.3,20.45,20.5,20.18,20.3,20.45,20.18,20.47
SINICA,2019/10/24 00:40,121.61416670000001,25.0405,1013.25,22.264,86.4,1.0,0.0,20.32,20.49,20.5,20.49,20.32,20.49,20.49,20.55
SINICA,2019/10/24 00:50,121.61416670000001,25.0405,1013.25,22.289,86.22,1.0,0.0,20.32,20.51,20.6,20.51,20.32,20.51,20.51,20.55
SINICA,2019/10/24 01:00,121.61416670000001,25.0405,1013.25,22.158,86.3,1.0,0.0,20.2,20.37,20.4,20.37,20.2,20.37,20.37,20.43
SINICA,2019/10/24 01:10,121.61416670000001,25.0405,1013.25,22.273000000000003,86.13,1.0,0.05,20.3,20.49,20.5,20.21,20.3,20.49,20.21,20.48
SINICA,2019/10/24 01:20,121.61416670000001,25.0405,1013.25,22.206,85.68,1.0,0.0,20.16,20.41,20.4,20.41,20.16,20.41,20.41,20.41
SINICA,2019/10/24 01:30,121.61416670000001,25.0405,1013.25,22.128,85.8,1.0,0.0,20.11,20.32,20.4,20.32,20.11,20.32,20.32,20.35
SINICA,2019/10/24 01:40,121.61416670000001,25.0405,1013.25,22.094,85.83,1.0,0.0,20.08,20.28,20.3,20.28,20.08,20.28,20.28,20.32
SINICA,2019/10/24 01:50,121.61416670000001,25.0405,1013.25,21.824,86.36,1.0,0.0,19.87,19.99,20.1,19.99,19.87,19.99,19.99,20.09
SINICA,2019/10/24 02:00,121.61416670000001,25.0405,1013.25,21.739,86.97,1.0,0.0,19.85,19.92,20.1,19.92,19.85,19.92,19.92,20.05
SINICA,2019/10/24 02:10,121.61416670000001,25.0405,1013.25,21.508000000000003,87.58,1.0,0.0,19.68,19.67,19.9,19.67,19.68,19.67,19.67,19.86
SINICA,2019/10/24 02:20,121.61416670000001,25.0405,1013.25,21.34,88.24,1.0,0.0,19.59,19.5,19.7,19.5,19.59,19.5,19.5,19.75
SINICA,2019/10/24 02:30,121.61416670000001,25.0405,1013.25,21.182,88.91,1.0,0.0,19.5,19.34,19.6,19.34,19.5,19.34,19.34,19.64
SINICA,2019/10/24 02:40,121.61416670000001,25.0405,1013.25,21.055,89.81,1.0,0.0,19.47,19.22,19.6,19.22,19.47,19.22,19.22,19.58
SINICA,2019/10/24 02:50,121.61416670000001,25.0405,1013.25,21.087,90.11,1.0,0.0,19.53,19.26,19.6,19.26,19.53,19.26,19.26,19.63
SINICA,2019/10/24 03:00,121.61416670000001,25.0405,1013.25,21.006,90.33,1.0,0.0,19.48,19.18,19.6,19.18,19.48,19.18,19.18,19.57
SINICA,2019/10/24 03:10,121.61416670000001,25.0405,1013.25,20.915,90.43,1.0,0.0,19.4,19.08,19.5,19.08,19.4,19.08,19.08,19.49
SINICA,2019/10/24 03:20,121.61416670000001,25.0405,1013.25,20.866,90.72,1.0,0.0,19.38,19.03,19.5,19.03,19.38,19.03,19.03,19.46
SINICA,2019/10/24 03:30,121.61416670000001,25.0405,1013.25,20.631999999999998,91.14,1.0,0.0,19.18,18.78,19.2,18.78,19.18,18.78,18.78,19.25
SINICA,2019/10/24 03:40,121.61416670000001,25.0405,1013.25,20.576,91.38,1.0,0.0,19.12,18.72,19.2,18.72,19.12,18.72,18.72,19.19
SINICA,2019/10/24 03:50,121.61416670000001,25.0405,1013.25,20.506,91.52,1.0,0.0,19.03,18.65,19.1,18.65,19.03,18.65,18.65,19.1
SINICA,2019/10/24 04:00,121.61416670000001,25.0405,1013.25,20.445,91.74,1.0,0.0,18.99,18.58,19.1,18.58,18.99,18.58,18.58,19.05
SINICA,2019/10/24 04:10,121.61416670000001,25.0405,1013.25,20.344,91.9,1.0,0.0,18.91,18.47,19.0,18.47,18.91,18.47,18.47,18.97
SINICA,2019/10/24 04:20,121.61416670000001,25.0405,1013.25,20.279,91.96,1.0,0.0,18.84,18.4,18.9,18.4,18.84,18.4,18.4,18.9
SINICA,2019/10/24 04:30,121.61416670000001,25.0405,1013.25,20.294,91.8,1.0,0.0,18.85,18.41,18.9,18.41,18.85,18.41,18.41,18.91
SINICA,2019/10/24 04:40,121.61416670000001,25.0405,1013.25,20.227999999999998,91.78,1.0,0.0,18.78,18.34,18.8,18.34,18.78,18.34,18.34,18.84
SINICA,2019/10/24 04:50,121.61416670000001,25.0405,1013.25,20.121,91.86,1.0,0.0,18.67,18.22,18.7,18.22,18.67,18.22,18.22,18.73
SINICA,2019/10/24 05:00,121.61416670000001,25.0405,1013.25,20.062,91.9,1.0,0.0,18.62,18.16,18.7,18.16,18.62,18.16,18.16,18.67
SINICA,2019/10/24 05:10,121.61416670000001,25.0405,1013.25,20.160999999999998,91.84,1.0,0.0,18.71,18.27,18.8,18.27,18.71,18.27,18.27,18.77
SINICA,2019/10/24 05:20,121.61416670000001,25.0405,1013.25,20.045,91.84,1.0,0.0,18.59,18.14,18.6,18.14,18.59,18.14,18.14,18.65
SINICA,2019/10/24 05:30,121.61416670000001,25.0405,1013.25,19.998,91.9,1.0,0.0,18.55,18.08,18.6,18.08,18.55,18.08,18.08,18.6
SINICA,2019/10/24 05:40,121.61416670000001,25.0405,1013.25,20.063,91.88,1.0,0.0,18.62,18.16,18.7,18.16,18.62,18.16,18.16,18.67
SINICA,2019/10/24 05:50,121.61416670000001,25.0405,1013.25,20.14,91.71,1.4,0.0,18.69,18.25,18.7,18.25,18.69,18.25,18.25,18.75
SINICA,2019/10/24 06:00,121.61416670000001,25.0405,1013.25,20.162,91.6,5.3,0.0,18.81,18.43,18.9,18.43,18.81,18.43,18.43,18.87
SINICA,2019/10/24 06:10,121.61416670000001,25.0405,1013.25,20.302,91.45,14.0,0.0,19.06,18.92,19.2,18.92,19.06,18.92,18.92,19.16
SINICA,2019/10/24 06:20,121.61416670000001,25.0405,1013.25,20.488000000000003,90.96,23.5,0.0,19.34,19.48,19.5,19.48,19.34,19.48,19.48,19.48
SINICA,2019/10/24 06:30,121.61416670000001,25.0405,1013.25,20.557,90.72,49.7,0.0,19.75,20.6,20.0,20.6,19.75,20.6,20.6,20.0
SINICA,2019/10/24 06:40,121.61416670000001,25.0405,1013.25,21.35,90.17,82.8,0.0,20.95,22.73,21.3,22.73,20.95,22.73,22.73,21.35
SINICA,2019/10/24 06:50,121.61416670000001,25.0405,1013.25,21.601,89.06,86.3,0.0,21.13,23.11,21.6,23.11,21.13,23.11,23.11,21.57
SINICA,2019/10/24 07:00,121.61416670000001,25.0405,1013.25,21.858,88.0,56.5,0.0,20.86,22.24,21.2,22.24,20.86,22.24,22.24,21.24
SINICA,2019/10/24 07:10,121.61416670000001,25.0405,1013.25,21.855,87.42,49.3,0.0,20.69,21.95,21.1,21.95,20.69,21.95,21.95,21.06
SINICA,2019/10/24 07:20,121.61416670000001,25.0405,1013.25,22.195999999999998,87.16,105.3,0.0,21.74,24.44,22.3,24.44,21.74,24.44,24.44,22.33
SINICA,2019/10/24 07:30,121.61416670000001,25.0405,1013.25,23.124000000000002,86.11,155.4,0.0,23.16,27.3,24.0,27.3,23.16,27.3,27.3,23.98
SINICA,2019/10/24 07:40,121.61416670000001,25.0405,1013.25,23.851,81.69,144.9,0.0,23.2,27.59,24.1,27.59,23.2,27.59,27.59,24.14
SINICA,2019/10/24 07:50,121.61416670000001,25.0405,1013.25,24.159000000000002,78.16,186.4,0.1,23.59,29.35,24.8,30.42,23.59,29.35,30.42,25.01
SINICA,2019/10/24 08:00,121.61416670000001,25.0405,1013.25,25.156999999999996,74.46,241.0,0.0,24.68,32.31,26.3,32.31,24.68,32.31,32.31,26.25
SINICA,2019/10/24 08:10,121.61416670000001,25.0405,1013.25,25.599,72.07,279.8,0.2,24.2,32.9,26.1,34.8,24.2,32.9,34.8,26.46
SINICA,2019/10/24 08:20,121.61416670000001,25.0405,1013.25,25.121,71.43,187.6,0.5,22.27,28.53,23.8,29.67,22.27,28.53,29.67,24.04
SINICA,2019/10/24 08:30,121.61416670000001,25.0405,1013.25,24.994,72.65,156.1,0.1,23.28,28.98,24.6,29.8,23.28,28.98,29.8,24.76
SINICA,2019/10/24 08:40,121.61416670000001,25.0405,1013.25,24.633000000000003,72.75,167.6,0.7,21.74,27.25,23.1,28.19,21.74,27.25,28.19,23.32
SINICA,2019/10/24 08:50,121.61416670000001,25.0405,1013.25,24.324,74.04,203.6,0.65,21.83,27.83,23.3,29.07,21.83,27.83,29.07,23.53
SINICA,2019/10/24 09:00,121.61416670000001,25.0405,1013.25,25.611,71.27,410.9,0.45,23.94,34.72,26.3,37.69,23.94,34.72,37.69,26.86
SINICA,2019/10/24 09:10,121.61416670000001,25.0405,1013.25,26.948,66.74,520.2,0.35,25.4,39.55,28.4,43.41,25.4,39.55,43.41,29.16
SINICA,2019/10/24 09:20,121.61416670000001,25.0405,1013.25,26.414,66.23,466.3,0.7,23.65,35.51,26.3,38.78,23.65,35.51,38.78,26.95
SINICA,2019/10/24 09:30,121.61416670000001,25.0405,1013.25,26.668000000000003,64.33,569.6,0.65,24.1,38.21,27.2,42.3,24.1,38.21,42.3,28.0
SINICA,2019/10/24 09:40,121.61416670000001,25.0405,1013.25,27.244,62.87,604.6,0.4,25.3,41.42,28.7,45.91,25.3,41.42,45.91,29.62
SINICA,2019/10/24 09:50,121.61416670000001,25.0405,1013.25,27.313000000000002,60.19,633.3,0.65,24.28,40.18,27.8,44.74,24.28,40.18,44.74,28.68
SINICA,2019/10/24 10:00,121.61416670000001,25.0405,1013.25,27.174,58.14,653.1,1.45,22.88,37.31,26.2,41.45,22.88,37.31,41.45,27.02
SINICA,2019/10/24 10:10,121.61416670000001,25.0405,1013.25,26.476,60.1,728.9,2.05,22.44,36.54,25.7,40.85,22.44,36.54,40.85,26.53
SINICA,2019/10/24 10:20,121.61416670000001,25.0405,1013.25,27.596999999999998,59.52,760.3,1.4,23.75,39.71,27.3,44.63,23.75,39.71,44.63,28.31
SINICA,2019/10/24 10:30,121.61416670000001,25.0405,1013.25,27.395,60.27,376.0,0.6,23.33,34.8,26.0,37.38,23.33,34.8,37.38,26.55
SINICA,2019/10/24 10:40,121.61416670000001,25.0405,1013.25,26.781999999999996,62.28,478.5,0.9,23.12,35.33,25.9,38.56,23.12,35.33,38.56,26.57
SINICA,2019/10/24 10:50,121.61416670000001,25.0405,1013.25,26.903000000000002,61.79,379.5,0.8,22.89,33.74,25.5,36.26,22.89,33.74,36.26,25.97
SINICA,2019/10/24 11:00,121.61416670000001,25.0405,1013.25,26.704,63.02,483.0,0.45,23.99,37.44,27.0,40.94,23.99,37.44,40.94,27.65
SINICA,2019/10/24 11:10,121.61416670000001,25.0405,1013.25,26.975,61.99,497.9,0.8,23.41,36.27,26.3,39.7,23.41,36.27,39.7,27.02
SINICA,2019/10/24 11:20,121.61416670000001,25.0405,1013.25,26.927,61.03,414.5,0.65,23.12,35.0,25.9,37.86,23.12,35.0,37.86,26.45
SINICA,2019/10/24 11:30,121.61416670000001,25.0405,1013.25,27.153000000000002,61.96,467.7,0.4,24.3,37.86,27.3,41.25,24.3,37.86,41.25,27.98
SINICA,2019/10/24 11:40,121.61416670000001,25.0405,1013.25,27.162,61.54,494.2,0.4,24.37,38.52,27.5,42.12,24.37,38.52,42.12,28.2
SINICA,2019/10/24 11:50,121.61416670000001,25.0405,1013.25,27.685,60.82,648.4,0.7,24.54,40.6,28.1,45.24,24.54,40.6,45.24,28.99
SINICA,2019/10/24 12:00,121.61416670000001,25.0405,1013.25,27.268,60.73,495.4,0.75,23.52,36.69,26.5,40.12,23.52,36.69,40.12,27.21
SINICA,2019/10/24 12:10,121.61416670000001,25.0405,1013.25,27.122,61.22,403.5,0.9,22.96,34.18,25.6,36.84,22.96,34.18,36.84,26.15
SINICA,2019/10/24 12:20,121.61416670000001,25.0405,1013.25,26.639,63.58,460.1,0.7,23.37,35.55,26.1,38.75,23.37,35.55,38.75,26.77
SINICA,2019/10/24 12:30,121.61416670000001,25.0405,1013.25,27.175,61.63,367.3,1.05,22.83,33.2,25.3,35.54,22.83,33.2,35.54,25.81
SINICA,2019/10/24 12:40,121.61416670000001,25.0405,1013.25,26.825,62.39,560.6,0.75,23.67,37.63,26.8,41.57,23.67,37.63,41.57,27.57
SINICA,2019/10/24 12:50,121.61416670000001,25.0405,1013.25,26.798000000000002,62.82,237.5,0.75,22.44,30.78,24.5,32.23,22.44,30.78,32.23,24.83
SINICA,2019/10/24 13:00,121.61416670000001,25.0405,1013.25,27.461,63.43,590.0,0.4,25.42,41.29,28.8,45.67,25.42,41.29,45.67,29.67
SINICA,2019/10/24 13:10,121.61416670000001,25.0405,1013.25,28.078000000000003,60.18,353.0,0.55,23.87,35.18,26.6,37.6,23.87,35.18,37.6,27.04
SINICA,2019/10/24 13:20,121.61416670000001,25.0405,1013.25,27.511,62.11,608.3,0.95,24.09,38.47,27.3,42.65,24.09,38.47,42.65,28.14
SINICA,2019/10/24 13:30,121.61416670000001,25.0405,1013.25,27.379,61.48,564.6,1.3,23.42,36.44,26.4,40.08,23.42,36.44,40.08,27.15
SINICA,2019/10/24 13:40,121.61416670000001,25.0405,1013.25,28.25,60.34,425.6,0.45,24.64,37.58,27.6,40.62,24.64,37.58,40.62,28.2
SINICA,2019/10/24 13:50,121.61416670000001,25.0405,1013.25,26.199,65.81,281.2,0.95,22.42,30.78,24.5,32.53,22.42,30.78,32.53,24.82
SINICA,2019/10/24 14:00,121.61416670000001,25.0405,1013.25,27.238000000000003,65.14,453.3,0.8,23.99,35.69,26.7,38.81,23.99,35.69,38.81,27.28
SINICA,2019/10/24 14:10,121.61416670000001,25.0405,1013.25,26.908,65.02,364.8,0.85,23.3,33.38,25.7,35.8,23.3,33.38,35.8,26.16
SINICA,2019/10/24 14:20,121.61416670000001,25.0405,1013.25,26.898000000000003,65.42,435.3,0.8,23.68,34.97,26.3,37.95,23.68,34.97,37.95,26.86
SINICA,2019/10/24 14:30,121.61416670000001,25.0405,1013.25,26.741,66.39,422.8,1.35,23.21,33.29,25.6,35.94,23.21,33.29,35.94,26.11
SINICA,2019/10/24 14:40,121.61416670000001,25.0405,1013.25,26.155,68.45,136.7,0.7,22.36,28.11,23.9,28.81,22.36,28.11,28.81,24.03
SINICA,2019/10/24 14:50,121.61416670000001,25.0405,1013.25,25.570999999999998,71.01,270.2,0.6,22.9,30.71,24.7,32.5,22.9,30.71,32.5,25.09
SINICA,2019/10/24 15:00,121.61416670000001,25.0405,1013.25,26.396,69.68,380.4,0.9,23.58,33.12,25.8,35.66,23.58,33.12,35.66,26.28
SINICA,2019/10/24 15:10,121.61416670000001,25.0405,1013.25,26.143,70.22,250.3,0.75,23.06,30.52,24.9,32.12,23.06,30.52,32.12,25.18
SINICA,2019/10/24 15:20,121.61416670000001,25.0405,1013.25,26.194000000000003,69.49,302.5,0.7,23.28,31.79,25.3,33.8,23.28,31.79,33.8,25.68
SINICA,2019/10/24 15:30,121.61416670000001,25.0405,1013.25,26.109,69.88,270.1,0.65,23.17,31.12,25.1,32.89,23.17,31.12,32.89,25.41
SINICA,2019/10/24 15:40,121.61416670000001,25.0405,1013.25,25.651,70.77,194.8,0.8,22.45,28.75,24.0,29.89,22.45,28.75,29.89,24.26
SINICA,2019/10/24 15:50,121.61416670000001,25.0405,1013.25,25.721,71.12,219.2,0.55,22.87,29.8,24.5,31.19,22.87,29.8,31.19,24.82
SINICA,2019/10/24 16:00,121.61416670000001,25.0405,1013.25,25.245,72.4,177.9,1.25,22.07,27.6,23.5,28.54,22.07,27.6,28.54,23.68
SINICA,2019/10/24 16:10,121.61416670000001,25.0405,1013.25,25.214000000000002,73.47,178.7,0.85,22.34,27.95,23.7,28.97,22.34,27.95,28.97,23.95
SINICA,2019/10/24 16:20,121.61416670000001,25.0405,1013.25,25.02,73.54,112.4,1.05,21.85,26.28,23.1,26.77,21.85,26.28,26.77,23.15
SINICA,2019/10/24 16:30,121.61416670000001,25.0405,1013.25,24.499000000000002,74.82,66.7,1.45,21.34,24.84,22.4,24.98,21.34,24.84,24.98,22.38
SINICA,2019/10/24 16:40,121.61416670000001,25.0405,1013.25,24.281999999999996,75.63,33.5,1.5,21.15,24.0,22.0,23.88,21.15,24.0,23.88,22.01
SINICA,2019/10/24 16:50,121.61416670000001,25.0405,1013.25,24.12,76.83,27.3,1.1,21.15,23.69,22.0,23.52,21.15,23.69,23.52,21.92
SINICA,2019/10/24 17:00,121.61416670000001,25.0405,1013.25,24.15,77.1,22.0,0.5,21.24,23.47,22.0,23.24,21.24,23.47,23.24,21.93
